{"internal":{"hash":"js","url":"https://win89.shop/assets/internal"},"main":{"hash":"js","url":"https://win89.shop/assets/main"},"resources":{"hash":"js","url":"https://win89.shop/assets/resources"},"BaCay":{"hash":"js","url":"https://win89.shop/assets/BaCay"},"BaiCao":{"hash":"js","url":"https://win89.shop/assets/BaiCao"},"BauCua":{"hash":"js","url":"https://win89.shop/assets/BauCua"},"CaoThap":{"hash":"js","url":"https://win89.shop/assets/CaoThap"},"Lieng":{"hash":"js","url":"https://win89.shop/assets/Lieng"},"Lobby":{"hash":"js","url":"https://win89.shop/assets/Lobby"},"Loto":{"hash":"js","url":"https://win89.shop/assets/Loto"},"MauBinh":{"hash":"js","url":"https://win89.shop/assets/MauBinh"},"MiniPoker":{"hash":"js","url":"https://win89.shop/assets/MiniPoker"},"OanTuTi":{"hash":"js","url":"https://win89.shop/assets/OanTuTi"},"Poker":{"hash":"js","url":"https://win89.shop/assets/Poker"},"Sam":{"hash":"js","url":"https://win89.shop/assets/Sam"},"ShootFish":{"hash":"js","url":"https://win89.shop/assets/ShootFish"},"Slot1":{"hash":"js","url":"https://win89.shop/assets/Slot1"},"Slot10":{"hash":"js","url":"https://win89.shop/assets/Slot10"},"Slot11Bikini":{"hash":"js","url":"https://win89.shop/assets/Slot11Bikini"},"Slot3":{"hash":"js","url":"https://win89.shop/assets/Slot3"},"Slot3x3":{"hash":"js","url":"https://win89.shop/assets/Slot3x3"},"Slot3x3Gem":{"hash":"js","url":"https://win89.shop/assets/Slot3x3Gem"},"Slot4":{"hash":"js","url":"https://win89.shop/assets/Slot4"},"Slot6":{"hash":"js","url":"https://win89.shop/assets/Slot6"},"Slot9":{"hash":"js","url":"https://win89.shop/assets/Slot9"},"TaiXiuDouble":{"hash":"js","url":"https://win89.shop/assets/TaiXiuDouble"},"TaiXiuMD5":{"hash":"js","url":"https://win89.shop/assets/TaiXiuMD5"},"TienLen":{"hash":"js","url":"https://win89.shop/assets/TienLen"},"XocDia":{"hash":"js","url":"https://win89.shop/assets/XocDia"}}