[1,["ecpdLyjvZBwrvm+cedCcQy","e7q6FL+VZEgLJUjVeDLic/","7a/QZLET9IDreTiBfRn2PD","42VO2NlkZMl5CTv4EBT4oR","71VhFCTINJM6/Ky3oX9nBT","5f9eAtp05BmbeHNn4fjmp1","adcs+M6XFNkLvmSrBUFv5T","aepbYVfVlBpKPAgDIJcbVJ","7eeSSUbx1HZ5k4rZHEaxdD","c5wEgI/XdEqLRVEpsgvMW0","14G1+h95BFAKrV+kUC0IA6","69crHOTZBFnaiXtrmEPWm0","29FYIk+N1GYaeWH/q1NxQO","d3JxST+HBLq6K1QwZYzJvD","b2T0yb1UFGJq7EBUcxZ2cg","a4AlfuXIpPAIfPbD9gdQ/j","56zY2CwR9K3anxxDSKdrtC","56fc2Ai/RFNYpaMT8crweK"],["node","_textureSetter","_spriteFrame","_parent","_N$skeletonData","_N$file","spriteProgress","nodeSlider","lbTips","lblStatus","lb_Info","loadingBar","loadingNode","scene","manifestUrl","_normalMaterial","_N$normalSprite","_N$pressedSprite","_N$hoverSprite","_N$disabledSprite"],[["cc.Node",["_name","_id","_objFlags","_active","_components","_contentSize","_parent","_trs","_children","_color"],-1,9,5,1,7,2,5],"cc.SpriteFrame",["cc.Sprite",["_sizeMode","_enabled","_type","_fillRange","_materials","node","_spriteFrame"],-1,3,1,6],["cc.Node",["_name","_active","_parent","_components","_contentSize","_trs","_children","_color"],1,1,2,5,7,12,5],["cc.Label",["_string","_fontSize","_isSystemFontUsed","_styleFlags","_N$horizontalAlign","_N$verticalAlign","_lineHeight","_materials","node"],-4,3,1],["cc.SceneAsset",["_name","asyncLoadAssets"],1],["cc.Node",["_name","_active","_parent","_components","_contentSize","_trs","_eulerAngles"],1,1,12,5,7,5],["cc.Canvas",["_fitWidth","node","_designResolution"],2,1,5],["cc.Widget",["_alignFlags","node"],2,1],["06c935DvwpCJ5nCCvhzAwFf",["node","lblStatus","lbTips","nodeSlider","spriteProgress"],3,1,1,1,1,1],["2ffa0G2dXNOEK/nOzR1EEZB",["node","loadingNode","loadingBar","lb_Info","manifestUrl"],3,1,1,1,1,6],["cbf1dlYiXRG35Ei6K+I4cFm",["node","designResolution"],3,1,5],["cc.Scene",["_name","_active","autoReleaseAssets","_children","_anchorPoint","_trs"],0,2,5,7],["cc.Camera",["_clearFlags","_depth","node"],1,1],["sp.Skeleton",["defaultSkin","defaultAnimation","_preCacheMode","_animationName","node","_materials","_N$skeletonData"],-1,1,3,6],["cc.Button",["zoomScale","_N$enableAutoGrayEffect","_N$transition","node","_N$pressedColor","_N$disabledColor","_N$target"],0,1,5,5,1],["cc.Slider",["_N$progress","node","_N$handle"],2,1,1]],[[0,0,6,4,5,7,2],[14,0,1,2,3,4,5,6,5],[5,0,1,3],[0,0,1,8,4,5,7,3],[0,0,6,8,4,5,7,2],[0,0,2,6,5,3],[0,0,6,4,9,5,2],[0,0,6,4,7,2],[0,0,3,6,4,5,7,3],[3,0,2,6,3,4,5,2],[3,0,1,2,3,7,4,3],[3,0,2,3,4,5,2],[3,0,1,2,3,4,5,3],[6,0,1,2,3,4,5,6,3],[7,0,1,2,2],[8,0,1,2],[9,0,1,2,3,4,1],[10,0,1,2,3,4,1],[2,1,0,5,4,6,3],[2,2,0,5,4,6,3],[2,0,5,4,6,2],[2,1,2,0,3,4,5],[2,5,4,1],[11,0,1,1],[4,0,1,2,3,4,5,7,7],[4,0,1,6,2,3,4,5,8,7,8],[12,0,1,2,3,4,5,4],[13,0,1,2,3],[15,0,1,2,3,4,5,6,4],[16,0,1,2,2]],[[[{"name":"default_btn_disabled","rect":[0,0,40,40],"offset":[0,0],"originalSize":[40,40],"capInsets":[12,12,12,12]}],[1],0,[0],[1],[4]],[[[2,"Loading",null],[3,"Canvas","d4GmlnA4lDI7yNFulvsP6z",[-12,-13,-14,-15,-16,-17],[[14,true,-1,[5,1284,2778]],[15,45,-2],[16,-7,-6,-5,-4,-3],[17,-11,-10,-9,-8,14]],[5,1284,2778],[642,1389,0,0,0,0,1,1,1,1]],[4,"progress_bg",1,[-19,-20,-21,-22],[[18,false,0,-18,[12],13]],[5,1014,40],[0,-800.868,0,0,0,0,1,1,1,1]],[9,"New Slider",2,[[[5,"Background",512,-24,[5,300,20]],-25],4,1],[-23],[5,960,43],[2.535,1.781,0,0,0,0,1,1,1,1]],[13,"Handle",false,3,[[[19,1,0,-26,[10],11],-27],4,1],[5,125.3333333,54],[476.368,-4.48,0,0,0,0.3826834323650898,0.9238795325112867,2,2,0],[1,0,0,45]],[6,"mobile-lobby-bg",1,[[20,0,-28,[0],1],[23,-29,[5,1284,2778]]],[4,4291611857],[5,2400,2778]],[21,false,3,0,1,[7]],[24,"Loading...",60,false,3,1,1,[8]],[26,"New Node",false,true,[1],[0,0,0],[0,0,0,0,0,0,1,1,1,1]],[7,"Main Camera",1,[[27,7,-1,-30]],[0,0,359.40054,0,0,0,1,1,1,1]],[0,"icon3",1,[[1,"default","animation",0,"animation",-31,[2],3]],[5,393.05,390.22],[0,455.752,0,0,0,0,1,1.7,1.7,1]],[0,"loading",1,[[1,"default","animation",0,"animation",-32,[4],5]],[5,78,89],[0,-655.518,0,0,0,0,1,1.5,1.5,1]],[8,"Loading",false,1,[[22,-33,[6]]],[5,185,54],[0,-232.69,0,0,0,0,1,1,1,1]],[10,"progress_fg",false,2,[6],[4,4294901736],[5,1030,140]],[11,"LabelProgress",2,[7],[5,277.5,40],[5.881,-40.283,0,0,0,0,1,1,1,0.6]],[12,"lbTips",false,2,[-34],[5,119.53,25],[0,-181.773,0,0,0,0,1,1,1,0.6]],[25,"testv",45,25,false,3,1,1,15,[9]],[28,0.96,true,3,4,[4,4294967295],[4,4294967295],4],[29,1,3,17]],0,[0,0,1,0,0,1,0,6,6,0,7,18,0,8,16,0,9,7,0,0,1,0,10,7,0,11,6,0,12,1,0,0,1,0,-1,9,0,-2,5,0,-3,10,0,-4,11,0,-5,12,0,-6,2,0,0,2,0,-1,13,0,-2,14,0,-3,15,0,-4,3,0,-1,18,0,3,3,0,-2,4,0,0,4,0,-2,17,0,0,5,0,0,5,0,0,9,0,0,10,0,0,11,0,0,12,0,-1,16,0,13,8,1,3,8,6,0,13,7,0,14,34],[0,0,0,0,0,0,0,0,0,0,0,0,0,0,0,6,7,16,17,17,17,17,17],[-1,2,-1,4,-1,4,-1,-1,-1,-1,-1,2,-1,2,14,2,5,5,15,16,17,18,19],[0,5,2,6,2,7,0,0,0,0,0,8,0,9,10,11,3,3,0,1,1,1,12]],[[{"name":"bg","rect":[0,0,720,1280],"offset":[0,0],"originalSize":[720,1280],"capInsets":[0,0,0,0]}],[1],0,[0],[1],[13]],[[{"name":"prox","rect":[0,0,985,71],"offset":[0,0],"originalSize":[985,71],"capInsets":[0,0,0,0]}],[1],0,[0],[1],[14]],[[{"name":"hand","rect":[27,18,88,105],"offset":[2,6.5],"originalSize":[138,154],"capInsets":[0,0,0,0]}],[1],0,[0],[1],[15]],[[{"name":"process","rect":[0,29,1025,13],"offset":[0,0],"originalSize":[1025,71],"capInsets":[0,0,0,0]}],[1],0,[0],[1],[16]],[[{"name":"default_radio_button_off","rect":[3,3,26,26],"offset":[0,0],"originalSize":[32,32],"capInsets":[0,0,0,0]}],[1],0,[0],[1],[17]]]]