[1,["585lJ+ZjdJp7lLzR57xSyX"],0,[["sp.SkeletonData",["_name","_atlasText","textureNames","_skeletonJson","textures"],-1,3]],[[0,0,1,2,3,4,5]],[[0,"loading","\nloading.png\nsize: 75,87\nformat: RGBA8888\nfilter: Linear,Linear\nrepeat: none\nTriangle 1 copy 8\n  rotate: false\n  xy: 1, 1\n  size: 73, 85\n  orig: 78, 89\n  offset: 2, 2\n  index: -1\n",["loading.png"],{"skins":[{"name":"default","attachments":{"Triangle 1 copy 26":{"Triangle 1 copy 8":{"x":-7.11,"width":78,"y":-0.62,"height":89}},"Triangle 1 copy 27":{"Triangle 1 copy 8":{"x":-7.11,"width":78,"y":-0.62,"height":89}},"Triangle 1 copy 28":{"Triangle 1 copy 8":{"x":-7.11,"width":78,"y":-0.62,"height":89}},"Triangle 1 copy 29":{"Triangle 1 copy 8":{"x":-7.11,"width":78,"y":-0.62,"height":89}},"Triangle 1 copy 22":{"Triangle 1 copy 8":{"x":-7.11,"width":78,"y":-0.62,"height":89}},"Triangle 1 copy 23":{"Triangle 1 copy 8":{"x":-7.11,"width":78,"y":-0.62,"height":89}},"Triangle 1 copy 24":{"Triangle 1 copy 8":{"x":-7.11,"width":78,"y":-0.62,"height":89}},"Triangle 1 copy 25":{"Triangle 1 copy 8":{"x":-7.11,"width":78,"y":-0.62,"height":89}},"Triangle 1 copy 20":{"Triangle 1 copy 8":{"x":-7.11,"width":78,"y":-0.62,"height":89}},"Triangle 1 copy 21":{"Triangle 1 copy 8":{"x":-7.11,"width":78,"y":-0.62,"height":89}},"Triangle 1 copy 19":{"Triangle 1 copy 8":{"x":-7.11,"width":78,"y":-0.62,"height":89}},"Triangle 1 copy 15":{"Triangle 1 copy 8":{"x":-7.11,"width":78,"y":-0.62,"height":89}},"Triangle 1 copy 16":{"Triangle 1 copy 8":{"x":-7.11,"width":78,"y":-0.62,"height":89}},"Triangle 1 copy 17":{"Triangle 1 copy 8":{"x":-7.11,"width":78,"y":-0.62,"height":89}},"Triangle 1 copy 18":{"Triangle 1 copy 8":{"x":-7.11,"width":78,"y":-0.62,"height":89}},"Triangle 1 copy 11":{"Triangle 1 copy 8":{"x":-7.11,"width":78,"y":-0.62,"height":89}},"Triangle 1 copy 12":{"Triangle 1 copy 8":{"x":-7.11,"width":78,"y":-0.62,"height":89}},"Triangle 1 copy 13":{"Triangle 1 copy 8":{"x":-7.11,"width":78,"y":-0.62,"height":89}},"Triangle 1 copy 14":{"Triangle 1 copy 8":{"x":-7.11,"width":78,"y":-0.62,"height":89}},"Triangle 1 copy 30":{"Triangle 1 copy 8":{"x":-7.11,"width":78,"y":-0.62,"height":89}},"Triangle 1 copy 31":{"Triangle 1 copy 8":{"x":-7.11,"width":78,"y":-0.62,"height":89}},"Triangle 1 copy 10":{"Triangle 1 copy 8":{"x":-7.11,"width":78,"y":-0.62,"height":89}},"Triangle 1 copy 32":{"Triangle 1 copy 8":{"x":-7.11,"width":78,"y":-0.62,"height":89}},"Triangle 1 copy 8":{"Triangle 1 copy 8":{"x":-7.11,"width":78,"y":-0.62,"height":89}},"Triangle 1 copy 9":{"Triangle 1 copy 8":{"x":-7.11,"width":78,"y":-0.62,"height":89}}}}],"skeleton":{"images":"../BANNERS/loading/","x":-215.08,"width":78,"y":-28.55,"spine":"3.8.98","audio":"./../BANNERS/loading/","hash":"IkKBkD2F4H4ZAYTN90d8hKalnnk","height":89},"slots":[{"color":"ffffff00","attachment":"Triangle 1 copy 8","blend":"screen","name":"Triangle 1 copy 8","bone":"Triangle 1 copy 8"},{"color":"ffffff00","attachment":"Triangle 1 copy 8","blend":"screen","name":"Triangle 1 copy 15","bone":"Triangle 1 copy 15"},{"color":"ffffff00","attachment":"Triangle 1 copy 8","blend":"screen","name":"Triangle 1 copy 22","bone":"Triangle 1 copy 22"},{"color":"ffffff00","attachment":"Triangle 1 copy 8","blend":"screen","name":"Triangle 1 copy 9","bone":"Triangle 1 copy 9"},{"color":"ffffff00","attachment":"Triangle 1 copy 8","blend":"screen","name":"Triangle 1 copy 16","bone":"Triangle 1 copy 16"},{"color":"ffffff00","attachment":"Triangle 1 copy 8","blend":"screen","name":"Triangle 1 copy 23","bone":"Triangle 1 copy 23"},{"color":"ffffff00","attachment":"Triangle 1 copy 8","blend":"screen","name":"Triangle 1 copy 10","bone":"Triangle 1 copy 10"},{"color":"ffffff00","attachment":"Triangle 1 copy 8","blend":"screen","name":"Triangle 1 copy 17","bone":"Triangle 1 copy 17"},{"color":"ffffff00","attachment":"Triangle 1 copy 8","blend":"screen","name":"Triangle 1 copy 24","bone":"Triangle 1 copy 24"},{"color":"ffffff00","attachment":"Triangle 1 copy 8","blend":"screen","name":"Triangle 1 copy 11","bone":"Triangle 1 copy 11"},{"color":"ffffff00","attachment":"Triangle 1 copy 8","blend":"screen","name":"Triangle 1 copy 18","bone":"Triangle 1 copy 18"},{"color":"ffffff00","attachment":"Triangle 1 copy 8","blend":"screen","name":"Triangle 1 copy 25","bone":"Triangle 1 copy 25"},{"color":"ffffff00","attachment":"Triangle 1 copy 8","blend":"screen","name":"Triangle 1 copy 12","bone":"Triangle 1 copy 12"},{"color":"ffffff00","attachment":"Triangle 1 copy 8","blend":"screen","name":"Triangle 1 copy 19","bone":"Triangle 1 copy 19"},{"color":"ffffff00","attachment":"Triangle 1 copy 8","blend":"screen","name":"Triangle 1 copy 26","bone":"Triangle 1 copy 26"},{"color":"ffffff00","attachment":"Triangle 1 copy 8","blend":"screen","name":"Triangle 1 copy 13","bone":"Triangle 1 copy 13"},{"color":"ffffff00","attachment":"Triangle 1 copy 8","blend":"screen","name":"Triangle 1 copy 20","bone":"Triangle 1 copy 20"},{"color":"ffffff00","attachment":"Triangle 1 copy 8","blend":"screen","name":"Triangle 1 copy 27","bone":"Triangle 1 copy 27"},{"color":"ffffff00","attachment":"Triangle 1 copy 8","blend":"screen","name":"Triangle 1 copy 14","bone":"Triangle 1 copy 14"},{"color":"ffffff00","attachment":"Triangle 1 copy 8","blend":"screen","name":"Triangle 1 copy 21","bone":"Triangle 1 copy 21"},{"color":"ffffff00","attachment":"Triangle 1 copy 8","blend":"screen","name":"Triangle 1 copy 28","bone":"Triangle 1 copy 28"},{"color":"ffffff00","attachment":"Triangle 1 copy 8","blend":"screen","name":"Triangle 1 copy 29","bone":"Triangle 1 copy 29"},{"color":"ffffff00","attachment":"Triangle 1 copy 8","blend":"screen","name":"Triangle 1 copy 30","bone":"Triangle 1 copy 30"},{"color":"ffffff00","attachment":"Triangle 1 copy 8","blend":"screen","name":"Triangle 1 copy 31","bone":"Triangle 1 copy 31"},{"color":"ffffff00","attachment":"Triangle 1 copy 8","blend":"screen","name":"Triangle 1 copy 32","bone":"Triangle 1 copy 32"}],"bones":[{"name":"root"},{"parent":"root","name":"LOADING","x":37.22,"y":1152.59},{"parent":"LOADING","name":"Triangle 1 copy 8","x":-206.19,"y":-1136.03},{"parent":"LOADING","name":"Triangle 1 copy 9","x":-206.19,"y":-1136.03},{"parent":"LOADING","name":"Triangle 1 copy 10","x":-206.19,"y":-1136.03},{"parent":"LOADING","name":"Triangle 1 copy 11","x":-206.19,"y":-1136.03},{"parent":"LOADING","name":"Triangle 1 copy 12","x":-206.19,"y":-1136.03},{"parent":"LOADING","name":"Triangle 1 copy 13","x":-206.19,"y":-1136.03},{"parent":"LOADING","name":"Triangle 1 copy 14","x":-206.19,"y":-1136.03},{"parent":"LOADING","name":"Triangle 1 copy 15","x":-206.19,"y":-1136.03},{"parent":"LOADING","name":"Triangle 1 copy 16","x":-206.19,"y":-1136.03},{"parent":"LOADING","name":"Triangle 1 copy 17","x":-206.19,"y":-1136.03},{"parent":"LOADING","name":"Triangle 1 copy 18","x":-206.19,"y":-1136.03},{"parent":"LOADING","name":"Triangle 1 copy 19","x":-206.19,"y":-1136.03},{"parent":"LOADING","name":"Triangle 1 copy 20","x":-206.19,"y":-1136.03},{"parent":"LOADING","name":"Triangle 1 copy 21","x":-206.19,"y":-1136.03},{"parent":"LOADING","name":"Triangle 1 copy 22","x":-206.19,"y":-1136.03},{"parent":"LOADING","name":"Triangle 1 copy 23","x":-206.19,"y":-1136.03},{"parent":"LOADING","name":"Triangle 1 copy 24","x":-206.19,"y":-1136.03},{"parent":"LOADING","name":"Triangle 1 copy 25","x":-206.19,"y":-1136.03},{"parent":"LOADING","name":"Triangle 1 copy 26","x":-206.19,"y":-1136.03},{"parent":"LOADING","name":"Triangle 1 copy 27","x":-206.19,"y":-1136.03},{"parent":"LOADING","name":"Triangle 1 copy 28","x":-206.19,"y":-1136.03},{"parent":"LOADING","name":"Triangle 1 copy 29","x":-206.19,"y":-1136.03},{"parent":"LOADING","name":"Triangle 1 copy 30","x":-206.19,"y":-1136.03},{"parent":"LOADING","name":"Triangle 1 copy 31","x":-206.19,"y":-1136.03},{"parent":"LOADING","name":"Triangle 1 copy 32","x":-206.19,"y":-1136.03}],"animations":{"animation":{"slots":{"Triangle 1 copy 26":{"color":[{"color":"ffffff00","time":3},{"c3":0.75,"color":"ffffffff","curve":0.824,"time":3.2},{"color":"ffffff00","time":4.3333}]},"Triangle 1 copy 27":{"color":[{"color":"ffffff00","time":3.1667},{"c3":0.75,"color":"ffffffff","curve":0.824,"time":3.3667},{"color":"ffffff00","time":4.5}]},"Triangle 1 copy 28":{"color":[{"color":"ffffff00","time":3.3333},{"c3":0.75,"color":"ffffffff","curve":0.824,"time":3.5333},{"color":"ffffff00","time":4.6667}]},"Triangle 1 copy 29":{"color":[{"color":"ffffff00","time":3.5},{"c3":0.75,"color":"ffffffff","curve":0.824,"time":3.7},{"color":"ffffff00","time":4.8333}]},"Triangle 1 copy 22":{"color":[{"color":"ffffff00","time":2.3333},{"c3":0.75,"color":"ffffffff","curve":0.824,"time":2.5333},{"color":"ffffff00","time":3.6667}]},"Triangle 1 copy 23":{"color":[{"color":"ffffff00","time":2.5},{"c3":0.75,"color":"ffffffff","curve":0.824,"time":2.7},{"color":"ffffff00","time":3.8333}]},"Triangle 1 copy 24":{"color":[{"color":"ffffff00","time":2.6667},{"c3":0.75,"color":"ffffffff","curve":0.824,"time":2.8667},{"color":"ffffff00","time":4}]},"Triangle 1 copy 25":{"color":[{"color":"ffffff00","time":2.8333},{"c3":0.75,"color":"ffffffff","curve":0.824,"time":3.0333},{"color":"ffffff00","time":4.1667}]},"Triangle 1 copy 20":{"color":[{"color":"ffffff00","time":2},{"c3":0.75,"color":"ffffffff","curve":0.824,"time":2.2},{"color":"ffffff00","time":3.3333}]},"Triangle 1 copy 21":{"color":[{"color":"ffffff00","time":2.1667},{"c3":0.75,"color":"ffffffff","curve":0.824,"time":2.3667},{"color":"ffffff00","time":3.5}]},"Triangle 1 copy 19":{"color":[{"color":"ffffff00","time":1.8333},{"c3":0.75,"color":"ffffffff","curve":0.824,"time":2.0333},{"color":"ffffff00","time":3.1667}]},"Triangle 1 copy 15":{"color":[{"color":"ffffff00","time":1.1667},{"c3":0.75,"color":"ffffffff","curve":0.824,"time":1.3667},{"color":"ffffff00","time":2.5}]},"Triangle 1 copy 16":{"color":[{"color":"ffffff00","time":1.3333},{"c3":0.75,"color":"ffffffff","curve":0.824,"time":1.5333},{"color":"ffffff00","time":2.6667}]},"Triangle 1 copy 17":{"color":[{"color":"ffffff00","time":1.5},{"c3":0.75,"color":"ffffffff","curve":0.824,"time":1.7},{"color":"ffffff00","time":2.8333}]},"Triangle 1 copy 18":{"color":[{"color":"ffffff00","time":1.6667},{"c3":0.75,"color":"ffffffff","curve":0.824,"time":1.8667},{"color":"ffffff00","time":3}]},"Triangle 1 copy 11":{"color":[{"color":"ffffff00","time":0.5},{"c3":0.75,"color":"ffffffff","curve":0.824,"time":0.7},{"color":"ffffff00","time":1.8333}]},"Triangle 1 copy 12":{"color":[{"color":"ffffff00","time":0.6667},{"c3":0.75,"color":"ffffffff","curve":0.824,"time":0.8667},{"color":"ffffff00","time":2}]},"Triangle 1 copy 13":{"color":[{"color":"ffffff00","time":0.8333},{"c3":0.75,"color":"ffffffff","curve":0.824,"time":1.0333},{"color":"ffffff00","time":2.1667}]},"Triangle 1 copy 14":{"color":[{"color":"ffffff00","time":1},{"c3":0.75,"color":"ffffffff","curve":0.824,"time":1.2},{"color":"ffffff00","time":2.3333}]},"Triangle 1 copy 30":{"color":[{"color":"ffffff00","time":3.6667},{"c3":0.75,"color":"ffffffff","curve":0.824,"time":3.8667},{"color":"ffffff00","time":5}]},"Triangle 1 copy 31":{"color":[{"color":"ffffff00","time":3.8333},{"c3":0.75,"color":"ffffffff","curve":0.824,"time":4.0333},{"color":"ffffff00","time":5.1667}]},"Triangle 1 copy 10":{"color":[{"color":"ffffff00","time":0.3333},{"c3":0.75,"color":"ffffffff","curve":0.824,"time":0.5333},{"color":"ffffff00","time":1.6667}]},"Triangle 1 copy 32":{"color":[{"color":"ffffff00","time":4},{"c3":0.75,"color":"ffffffff","curve":0.824,"time":4.2},{"color":"ffffff00","time":5.3333}]},"Triangle 1 copy 8":{"color":[{"color":"ffffff00"},{"c3":0.75,"color":"ffffffff","curve":0.824,"time":0.2},{"color":"ffffff00","time":1.3333}]},"Triangle 1 copy 9":{"color":[{"color":"ffffff00","time":0.1667},{"c3":0.75,"color":"ffffffff","curve":0.824,"time":0.3667},{"color":"ffffff00","time":1.5}]}},"bones":{"Triangle 1 copy 26":{"translate":[{"time":3},{"x":421.37,"time":4.3333}]},"Triangle 1 copy 27":{"translate":[{"time":3.1667},{"x":421.37,"time":4.5}]},"Triangle 1 copy 28":{"translate":[{"time":3.3333},{"x":421.37,"time":4.6667}]},"Triangle 1 copy 29":{"translate":[{"time":3.5},{"x":421.37,"time":4.8333}]},"Triangle 1 copy 22":{"translate":[{"time":2.3333},{"x":421.37,"time":3.6667}]},"Triangle 1 copy 23":{"translate":[{"time":2.5},{"x":421.37,"time":3.8333}]},"Triangle 1 copy 24":{"translate":[{"time":2.6667},{"x":421.37,"time":4}]},"Triangle 1 copy 25":{"translate":[{"time":2.8333},{"x":421.37,"time":4.1667}]},"Triangle 1 copy 20":{"translate":[{"time":2},{"x":421.37,"time":3.3333}]},"Triangle 1 copy 21":{"translate":[{"time":2.1667},{"x":421.37,"time":3.5}]},"Triangle 1 copy 19":{"translate":[{"time":1.8333},{"x":421.37,"time":3.1667}]},"Triangle 1 copy 15":{"translate":[{"time":1.1667},{"x":421.37,"time":2.5}]},"Triangle 1 copy 16":{"translate":[{"time":1.3333},{"x":421.37,"time":2.6667}]},"Triangle 1 copy 17":{"translate":[{"time":1.5},{"x":421.37,"time":2.8333}]},"Triangle 1 copy 18":{"translate":[{"time":1.6667},{"x":421.37,"time":3}]},"Triangle 1 copy 11":{"translate":[{"time":0.5},{"x":421.37,"time":1.8333}]},"Triangle 1 copy 12":{"translate":[{"time":0.6667},{"x":421.37,"time":2}]},"Triangle 1 copy 13":{"translate":[{"time":0.8333},{"x":421.37,"time":2.1667}]},"Triangle 1 copy 14":{"translate":[{"time":1},{"x":421.37,"time":2.3333}]},"Triangle 1 copy 30":{"translate":[{"time":3.6667},{"x":421.37,"time":5}]},"Triangle 1 copy 31":{"translate":[{"time":3.8333},{"x":421.37,"time":5.1667}]},"Triangle 1 copy 10":{"translate":[{"time":0.3333},{"x":421.37,"time":1.6667}]},"Triangle 1 copy 32":{"translate":[{"time":4},{"x":421.37,"time":5.3333}]},"Triangle 1 copy 8":{"translate":[{},{"x":421.37,"time":1.3333}]},"Triangle 1 copy 9":{"translate":[{"time":0.1667},{"x":421.37,"time":1.5}]}}}}},[0]]],0,0,[0],[-1],[0]]